{
  "link_prediction": {
    "epochs": 300,
    "final_loss": 1.1041622161865234
  },
  "node_classification": {
    "epochs": 190,
    "train_accuracy": 0.9998913407325745,
    "test_accuracy": 0.7375624775886536
  },
  "graph_stats": {
    "nodes": 23014,
    "edges": 84578,
    "feature_dim": 16
  }
}