{
  "link_prediction": {
    "epochs": 300,
    "final_loss": 1.1067112684249878
  },
  "node_classification": {
    "epochs": 190,
    "train_accuracy": 0.999891459941864,
    "test_accuracy": 0.7378472089767456
  },
  "graph_stats": {
    "nodes": 23038,
    "edges": 84668,
    "feature_dim": 16
  }
}