{
  "link_prediction": {
    "epochs": 300,
    "final_loss": 1.1056183576583862
  },
  "node_classification": {
    "epochs": 190,
    "train_accuracy": 0.9998921155929565,
    "test_accuracy": 0.7394305467605591
  },
  "graph_stats": {
    "nodes": 23177,
    "edges": 85190,
    "feature_dim": 16
  }
}