{
  "episodes_trained": 600,
  "final_avg_reward": 21.524313983455063,
  "reward_std": 4.2811087703468,
  "replay_buffer_size": 11925,
  "data_source_scenarios": 150
}