{
  "episodes_trained": 400,
  "final_avg_reward": 22.23794309147318,
  "reward_std": 3.2294015389887596,
  "replay_buffer_size": 7981,
  "data_source_scenarios": 150
}