{
  "weights": [
    6.822231933910419e-13,
    0.0,
    0.0,
    0.0,
    0.0,
    0.0,
    0.0,
    0.0,
    0.0,
    0.0,
    -2.1569082257229577e-13,
    0.0,
    0.0,
    0.0,
    0.0,
    -3.8181273119224455e-13,
    0.0,
    0.0,
    0.0,
    0.0,
    1.1087429192675217e-12,
    0.0,
    0.0
  ],
  "bias": 0.6431044329335672,
  "feature_mean": [
    0.6999983191490173,
    3.0,
    3.0,
    3.0,
    0.0,
    0.75,
    3.0,
    3.0,
    2.0,
    0.0,
    0.649999737739563,
    4.0,
    4.0,
    2.0,
    0.0,
    0.7200009226799011,
    3.0,
    4.0,
    3.0,
    0.0,
    0.7100010514259338,
    10.0,
    0.0
  ],
  "feature_std": [
    1.6789300616437686e-06,
    9.99999993922529e-09,
    9.99999993922529e-09,
    9.99999993922529e-09,
    9.99999993922529e-09,
    9.99999993922529e-09,
    9.99999993922529e-09,
    9.99999993922529e-09,
    9.99999993922529e-09,
    9.99999993922529e-09,
    2.4841858703439357e-07,
    9.99999993922529e-09,
    9.99999993922529e-09,
    9.99999993922529e-09,
    9.99999993922529e-09,
    9.040696795636904e-07,
    9.99999993922529e-09,
    9.99999993922529e-09,
    9.99999993922529e-09,
    9.99999993922529e-09,
    1.0828836138898623e-06,
    9.99999993922529e-09,
    9.99999993922529e-09
  ]
}