{
  "weights": [
    6.404910844859128e-13,
    0.0,
    0.0,
    0.0,
    0.0,
    0.0,
    0.0,
    0.0,
    0.0,
    -0.009163988887567144,
    4.1590272032921666e-13,
    0.0,
    0.0,
    0.0,
    0.0,
    -3.818127311886726e-13,
    0.0,
    0.0,
    0.0,
    0.0,
    1.263187085806008e-12,
    0.0,
    -0.009163988887568902
  ],
  "bias": 0.6431044335385453,
  "feature_mean": [
    0.6999983191490173,
    3.0,
    3.0,
    3.0,
    0.0,
    0.75,
    3.0,
    3.0,
    2.0,
    3.691666603088379,
    0.649999737739563,
    4.0,
    4.0,
    2.0,
    0.0,
    0.7200009226799011,
    3.0,
    4.0,
    3.0,
    0.0,
    0.7100010514259338,
    10.0,
    3.691666603088379
  ],
  "feature_std": [
    1.6789300616437686e-06,
    9.99999993922529e-09,
    9.99999993922529e-09,
    9.99999993922529e-09,
    9.99999993922529e-09,
    9.99999993922529e-09,
    9.99999993922529e-09,
    9.99999993922529e-09,
    9.99999993922529e-09,
    1.817946195602417,
    2.4841858703439357e-07,
    9.99999993922529e-09,
    9.99999993922529e-09,
    9.99999993922529e-09,
    9.99999993922529e-09,
    9.040696795636904e-07,
    9.99999993922529e-09,
    9.99999993922529e-09,
    9.99999993922529e-09,
    9.99999993922529e-09,
    1.0828836138898623e-06,
    9.99999993922529e-09,
    1.817946195602417
  ]
}