{
  "num_scenarios": 300,
  "train_size": 240,
  "test_size": 60,
  "feature_dim": 23,
  "train_metrics": {
    "mse": 0.023300052433687476,
    "mae": 0.12264210119231024,
    "r2": 0.014217277979191367
  },
  "test_metrics": {
    "mse": 0.022791299319399067,
    "mae": 0.12484619161362755
  }
}