{
  "num_scenarios": 300,
  "train_size": 240,
  "test_size": 60,
  "feature_dim": 23,
  "train_metrics": {
    "mse": 0.02363609330142161,
    "mae": 0.12410776922006646,
    "r2": 1.7628406512315564e-09
  },
  "test_metrics": {
    "mse": 0.022663812320804538,
    "mae": 0.12303175046559739
  }
}