{
  "link_prediction": {
    "epochs": 200,
    "final_loss": 0.5558772683143616
  },
  "node_classification": {
    "epochs": 130,
    "train_accuracy": 0.9909774661064148,
    "test_accuracy": 0.9979959726333618
  },
  "graph_stats": {
    "nodes": 2494,
    "edges": 7636,
    "feature_dim": 16
  }
}